Model,CV R2 (mean),CV R2 (std),CV MAE (mean),Holdout R2,Holdout MAE,Rows Used
Gradient Boosting Regressor,0.625804454,0.073201051,478.2109954,0.802401866,336.0835298,87
Random Forest,0.592586375,0.086153758,505.8282595,0.609034309,444.5592038,87
Linear Regression,0.56931185,0.171668592,513.8514508,0.562456869,444.5464332,87
